{
    "robot2":{
        "topics": {
            "cmd_vel_mux/input/teleop": {
                "msg": "geometry_msgs.msg.Twist",
                "type": "publisher"
            },
            "cmd_serial": {
                "msg": "std_msgs.msg.String",
                "type": "publisher"
            },
            "move_base/goal": {
                "msg": "move_base_msgs.msg.MoveBaseActionGoal",
                "type": "publisher"
            },
            "move_base/result": {
                "msg": "move_base_msgs.msg.MoveBaseActionResult",
                "type": "subscriber"
            },
            "cmd_height": {
                "msg": {
                    "x": "int32",
                    "y": "int32",
                    "z": "int32"
                },
                "type": "publisher"
            }
        }
    }
}